Workbook

Sheet Assumptions
A1: Computing budget: editable assumptions
A2: Blue text on yellow fill = input cells to edit. All totals on the Summary sheet recalculate from these cells.
A3: Abbreviations: OSC = Ohio Supercomputer Center; PI = principal investigator; PySR = Python symbolic regression library.
A4: Rates and licence
A5: Claude Max licence price per seat per month | B5: 50 | C5: $/seat-month | D5: Ohio State negotiated price, provided by the investigator.
A6: Number of Claude Max seats | B6: 1 | C6: seats | D6: Assumption: one seat for the graduate researcher who runs the agents.
A7: Months of licence per year | B7: 12 | C7: months | D7: Assumption: licence held for the full project year.
A8: OSC standard compute rate | B8: 0.003 | C8: $/core-hour | D8: Ohio academic rate, OSC Service Costs page (see Sources). Assumed to apply to Cardinal; confirm on the live page.
A9: OSC project storage rate | B9: 3.2 | C9: $/TB-month | D9: Ohio academic rate, OSC Service Costs page. Billed daily on quota, not on use.
A10: Project storage quota | B10: 0.5 | C10: TB | D10: 500 GB project quota.
A11: OSC GPU compute rate (optional item) | B11: 0.09 | C11: $/GPU-hour | D11: Ohio academic rate, OSC Service Costs page.
A12: GPU hours per year (optional item) | B12: 500 | C12: GPU-hours | D12: Assumption: occasional GPU use for neural surrogate or data preparation; PySR itself runs on CPU cores.
A13: Contingency (optional item) | B13: 0.1 | C13: fraction of required costs | D13: Assumption: 10% allowance for longer production runs or rate changes.
A14: OSC annual credit per principal investigator | B14: 1000 | C14: $/year | D14: Ohio academic annual credit per PI. Shared across the PI's projects, so shown as a possible offset only.
A16: Weekly usage scenarios | B16: Off-peak | C16: Average | D16: Peak | E16: Basis
A17: PySR runs per week | B17: 10 | C17: 25 | D17: 2 | E17: Off-peak: one test batch of 10 runs. Average: a test batch near the observed 10 to 33 range. Peak: two multi-day production runs.
A18: Cores per run | B18: 32 | C18: 64 | D18: 96 | E18: Observed typical run used 32 cores; the investigator scales runs up to 96 cores.
A19: Wall-clock hours per run | B19: 2 | C19: 3 | D19: 120 | E19: Observed typical run took about 2 hours; a production run is assumed to last 5 days (120 hours).
A20: Weeks per year in this scenario | B20: 20 | C20: 24 | D20: 8 | E20: Must sum to 52 (check below).
A21: Check: total weeks (should be 52) | B21: =SUM(B20:D20) -> 52
A22: Weekly core-hours | B22: =B17*B18*B19 -> 640 | C22: =C17*C18*C19 -> 4800 | D22: =D17*D18*D19 -> 23040
A23: Yearly core-hours | B23: =B22*B20 -> 12800 | C23: =C22*C20 -> 115200 | D23: =D22*D20 -> 184320 | E23: =SUM(B23:D23) -> 312320
E24: Total yearly core-hours (all scenarios)

Sheet Summary
A1: Yearly computing budget
A2: OSC = Ohio Supercomputer Center. Inputs live on the Assumptions sheet; green cells link there.
A3: Cost item | B3: Quantity per year | C3: Unit | D3: Unit cost ($) | E3: Yearly cost ($) | F3: Status
A4: Claude Max licence | B4: =Assumptions!$B$6*Assumptions!$B$7 -> 12 | C4: seat-months | D4: =Assumptions!$B$5 -> 50 | E4: =B4*D4 -> 600 | F4: Required
A5: OSC Cardinal CPU compute | B5: =Assumptions!$E$23 -> 312320 | C5: core-hours | D5: =Assumptions!$B$8 -> 0.003 | E5: =B5*D5 -> 936.96 | F5: Required
A6: OSC project storage (500 GB quota) | B6: =Assumptions!$B$10*12 -> 6 | C6: TB-months | D6: =Assumptions!$B$9 -> 3.2 | E6: =B6*D6 -> 19.2 | F6: Required
A7: Subtotal, required items | E7: =SUM(E4:E6) -> 1556.16
A9: OSC GPU compute | B9: =Assumptions!$B$12 -> 500 | C9: GPU-hours | D9: =Assumptions!$B$11 -> 0.09 | E9: =B9*D9 -> 45 | F9: Optional
A10: Contingency on required items | B10: =Assumptions!$B$13 -> 0.1 | C10: fraction | D10: =E7 -> 1556.16 | E10: =B10*D10 -> 155.616 | F10: Optional
A11: Subtotal, optional items | E11: =E9+E10 -> 200.616
A13: Total yearly budget, required and optional | E13: =E7+E11 -> 1756.776
A15: Possible offset: OSC annual credit per principal investigator (not applied) | E15: =-Assumptions!$B$14 -> -1000
A16: Required items after full credit, if the credit is available to this project | E16: =MAX(0,E7+E15) -> 556.16

Sheet Sources
A1: Sources
A3: OSC rates (standard compute $0.003/core-hour, GPU $0.090/GPU-hour, storage $3.20/TB-month, $1,000 PI credit) | B3: https://www.osc.edu/book/export/html/4887
A4: FY26 notice: FY26 pricing unchanged for existing services | B4: https://www.osc.edu/content/academic_fee_model_faq/fy26_budgets_action_may_be_required%EF%BB%BF
A5: Job and storage charging: GPU jobs charge core-hours and GPU-hours; storage billed daily on quota | B5: https://www.osc.edu/supercomputing/knowledge-base/job_and_storage_charging
A6: Project storage billed on quota, not usage | B6: https://osc.edu/sites/default/files/supercomputing/policies/docs/Project Filesystem Storage Policy - 1.2.pdf
A7: Academic fee model overview | B7: https://www.osc.edu/content/academic_fee_model_faq
A8: Claude Max price of $50 per seat per month | B8: Ohio State negotiated price, provided by the investigator (no public URL).
A10: Note: the OSC rates were read from search-indexed copies of these pages on 9 October 2026; osc.edu could not be opened directly. Confirm against the live Service Costs page before submission.
